--Veri Ekleme ve Güncelleme
/*
->Categories tablosuna 10 kayýt eklendi.
->Customers tablosuna 25 kayýt eklendi.
->Addresses tablosuna 25 kayýt eklendi.
->Sellers tablosuna 10 kayýt eklendi.
->Products tablosuna 50 kayýt eklendi.
->Orders tablosuna 25 kayýt eklendi.
->OrderDetails tablosuna 25 kayýt eklendi.
->Payments tablosuna 25 kayýt eklendi.
->Shipments tablosuna 25 kayýt eklendi.
Tüm kayýtlar yapay zeka tarafýndan oluþturulmuþ örnek verilerdir.
*/


INSERT INTO Categories (CategoryName) VALUES
('Elektronik'),
('Bilgisayar & Tablet'),
('Telefon & Aksesuar'),
('Ev & Yaþam'),
('Moda'),
('Spor & Outdoor'),
('Kozmetik & Kiþisel Bakým'),
('Kitap & Kýrtasiye'),
('Oyuncak & Hobi'),
('Mutfak & Ev Gereçleri');

INSERT INTO Customers (FirstName, LastName, Email, Phone, PasswordHash, Gender) VALUES
('Ahmet','Yýlmaz','ahmet.yilmaz@gmail.com','05551234567','hash1','M'),
('Elif','Demir','elif.demir@gmail.com','05559876543','hash2','F'),
('Mehmet','Kaya','mehmet.kaya@gmail.com','05551239876','hash3','M'),
('Ayþe','Öztürk','ayse.ozturk@gmail.com','05557654321','hash4','F'),
('Fatma','Çelik','fatma.celik@gmail.com','05552345678','hash5','F'),
('Can','Aksoy','can.aksoy@gmail.com','05553456789','hash6','M'),
('Merve','Koç','merve.koc@gmail.com','05554567890','hash7','F'),
('Emre','Arslan','emre.arslan@gmail.com','05555678901','hash8','M'),
('Selin','Yýldýz','selin.yildiz@gmail.com','05556789012','hash9','F'),
('Burak','Kýlýç','burak.kilic@gmail.com','05557890123','hash10','M'),
('Deniz','Uysal','deniz.uysal@gmail.com','05558901234','hash11','F'),
('Ahsen','Polat','ahsen.polat@gmail.com','05559012345','hash12','F'),
('Okan','Sarý','okan.sari@gmail.com','05550123456','hash13','M'),
('Buse','Aydýn','buse.aydin@gmail.com','05551234568','hash14','F'),
('Serkan','Demirtaþ','serkan.demirtas@gmail.com','05552345679','hash15','M'),
('Ece','Güneþ','ece.gunes@gmail.com','05553456781','hash16','F'),
('Kaan','Toprak','kaan.toprak@gmail.com','05554567882','hash17','M'),
('Yasemin','Akýn','yasemin.akin@gmail.com','05555678983','hash18','F'),
('Baran','Polat','baran.polat@gmail.com','05556789084','hash19','M'),
('Derya','Koç','derya.koc@gmail.com','05557890185','hash20','F'),
('Selim','Eren','selim.eren@gmail.com','05558901286','hash21','M'),
('Ceren','Aydýn','ceren.aydin@gmail.com','05559012387','hash22','F'),
('Murat','Kara','murat.kara@gmail.com','05550123488','hash23','M'),
('Aslý','Demir','asli.demir@gmail.com','05551234589','hash24','F'),
('Tolga','Yýldýrým','tolga.yildirim@gmail.com','05552345690','hash25','M');

INSERT INTO Addresses (CustomerID, Title, AddressLine1, AddressLine2, PostalCode, City, Country) VALUES
(1,'Ev','Atatürk Cad. No:5','','34000','Ýstanbul','Türkiye'),
(2,'Ev','Cumhuriyet Mah. Sokak 12','','06000','Ankara','Türkiye'),
(3,'Ev','Ýnönü Bulv. No:25','','35200','Ýzmir','Türkiye'),
(4,'Ev','Bahçelievler Mh. 23','','06050','Ankara','Türkiye'),
(5,'Ev','Konya Cd. No:14','','42000','Konya','Türkiye'),
(6,'Ev','Sakarya Sok. 7','','34050','Ýstanbul','Türkiye'),
(7,'Ev','Adnan Menderes Blv. 18','','07000','Antalya','Türkiye'),
(8,'Ev','Gazi Mah. 3. Cad. No:4','','26000','Eskiþehir','Türkiye'),
(9,'Ev','Fatih Cad. 22','','34100','Ýstanbul','Türkiye'),
(10,'Ev','Atilla Sok. 15','','06200','Ankara','Türkiye'),
(11,'Ev','Kurtuluþ Cd. 8','','36000','Bursa','Türkiye'),
(12,'Ev','Þehitler Mah. 6','','33000','Mersin','Türkiye'),
(13,'Ev','Bahariye Cad. 11','','34050','Ýstanbul','Türkiye'),
(14,'Ev','Çamlýca Sok. 4','','34300','Ýstanbul','Türkiye'),
(15,'Ev','Deniz Cd. 9','','07000','Antalya','Türkiye'),
(16,'Ev','Mevlana Cd. 17','','42000','Konya','Türkiye'),
(17,'Ev','Fener Mah. 3','','34120','Ýstanbul','Türkiye'),
(18,'Ev','Bahçelievler Cd. 12','','06070','Ankara','Türkiye'),
(19,'Ev','Gül Sok. 6','','35500','Ýzmir','Türkiye'),
(20,'Ev','Yýldýz Mah. 9','','34060','Ýstanbul','Türkiye'),
(21,'Ev','Orta Cad. 14','','26050','Eskiþehir','Türkiye'),
(22,'Ev','Atatürk Mah. 7','','33020','Mersin','Türkiye'),
(23,'Ev','Kale Sok. 5','','36030','Bursa','Türkiye'),
(24,'Ev','Sahil Cad. 11','','07010','Antalya','Türkiye'),
(25,'Ev','Demir Cd. 3','','06090','Ankara','Türkiye');

INSERT INTO Sellers (CompanyName, Email, TaxNumber, MainAddressID) VALUES
('TeknoMarket','info@teknomarket.com','1234567890',NULL),
('ModaShop','info@modashop.com','2234567890',NULL),
('EvDunyasi','info@evdunyasi.com','3234567890',NULL),
('SporArena','info@sporarena.com','4234567890',NULL),
('KitapSever','info@kitapsever.com','5234567890',NULL),
('TechWorld','info@techworld.com','6234567890',NULL),
('FashionLine','info@fashionline.com','7234567890',NULL),
('HomePlus','info@homeplus.com','8234567890',NULL),
('Sportify','info@sportify.com','9234567890',NULL),
('BookHouse','info@bookhouse.com','1023456789',NULL);

INSERT INTO Products (SellerID, CategoryID, ProductName, Brand, Description, Price, StockQuantity, IsActive) VALUES
(1,1,'Samsung TV 55 inch','Samsung','4K UHD Smart TV',12000,15,1),
(1,2,'Dell Laptop XPS 13','Dell','i7 16GB 512GB SSD',18500,10,1),
(1,3,'iPhone 14','Apple','128GB, Siyah',22000,20,1),
(2,5,'Kadýn Tiþört Mavi','Nike','Pamuklu, rahat kesim',350,50,1),
(2,5,'Erkek Sweatshirt Siyah','Adidas','Yumuþak dokulu',400,40,1),
(2,6,'Koþu Ayakkabýsý','Puma','Hafif ve dayanýklý',600,30,1),
(2,6,'Dumbell 10kg','Decathlon','Evde egzersiz için',250,60,1),
(3,4,'Leke Tutmaz Halý 200x300','Ikea','Salon için modern tasarým',1200,20,1),
(3,10,'Tencere Seti 5 Parça','Emsan','Paslanmaz çelik',750,25,1),
(3,7,'Parfüm 50ml','Chanel','Kadýn parfümü',950,15,1),
(4,8,'Python Programlama Kitabý','Reilly','Baþlangýç ve ileri seviye',150,35,1),
(4,8,'Kýsa Hikayeler','Can Yayýnlarý','Türk ve dünya hikayeleri',80,40,1),
(4,9,'Lego Star Wars Seti','Lego','500 parça',700,20,1),
(4,9,'Oyuncak Araba','Hot Wheels','Metal, 1:64',150,50,1),
(5,10,'Blender','Arzum','Mutfak için 1000W',450,30,1),
(5,10,'Çay Seti 12 Parça','Kütahya Porselen','Seramik',600,25,1),
(5,2,'Asus Laptop Vivobook','Asus','i5 8GB 256GB SSD',9000,20,1),
(1,1,'LG TV 50 inch','LG','4K UHD Smart TV',10000,15,1),
(1,3,'Samsung Galaxy S22','Samsung','128GB, Beyaz',18000,25,1),
(2,5,'Kadýn Elbise Siyah','Zara','Þýk tasarým',500,20,1),
(2,5,'Erkek Pantolon Klasik','Mavi','Pamuklu',450,30,1),
(3,4,'Modern Sehpa','Ikea','Ahþap, orta boy',800,15,1),
(3,10,'Tava 28 cm','Emsan','Yapýþmaz',250,40,1),
(3,7,'Ruj Seti 3 Renk','Maybelline','Krem ruj',120,50,1),
(4,8,'Java Programlama Kitabý','O''Reilly','Baþlangýç seviyesi',180,30,1),
(4,9,'Puzzle 1000 Parça','Clementoni','Manzara resmi',150,35,1),
(5,10,'Mutfak Robotu','Philips','500W',1200,20,1),
(5,10,'Su Isýtýcý','Arzum','1.7L, paslanmaz',350,40,1),
(1,1,'Sony TV 65 inch','Sony','4K UHD Smart TV',15000,10,1),
(1,2,'HP Laptop Pavilion','HP','i7 16GB 1TB SSD',16000,15,1),
(1,3,'Xiaomi Mi 12','Xiaomi','256GB, Siyah',12000,25,1),
(2,5,'Kadýn Ceket Kýþlýk','LCW','Yünlü',700,20,1),
(2,5,'Erkek Mont','Columbia','Su geçirmez',900,15,1),
(6,1,'Huawei TV 50 inch','Huawei','Full HD',9000,12,1),
(6,2,'Lenovo IdeaPad','Lenovo','i5 8GB 512GB SSD',8500,15,1),
(7,5,'Kadýn Etek','Mango','Pamuklu',300,40,1),
(7,5,'Erkek Tiþört','H&M','Pamuklu',250,50,1),
(7,6,'Yoga Mat','Decathlon','Kaymaz yüzey',200,60,1),
(8,4,'Komodin','Ikea','Ahþap, küçük boy',350,30,1),
(8,10,'Mikser','Arzum','500W, 2 hýz',400,25,1),
(8,7,'Þampuan 500ml','Elseve','Saç bakým seti',80,50,1),
(9,8,'Çocuk Romaný','Tudem','8-12 yaþ',50,60,1),
(9,9,'Puzzle 500 Parça','Clementoni','Hayvan temalý',90,40,1),
(9,10,'Tost Makinesi','Arzum','600W',300,35,1),
(10,10,'Su Sebili','Kangaroo','5L',250,20,1);

INSERT INTO Orders (CustomerID, OrderDate, TotalAmount, OrderStatus, ShippingAddressID, BillingAddressID) VALUES
(1,'2025-10-01',12500,'Hazýrlanýyor',1,1),
(2,'2025-10-02',800,'Tamamlandý',2,2),
(3,'2025-10-03',2200,'Kargoya Verildi',3,3),
(4,'2025-10-04',450,'Tamamlandý',4,4),
(5,'2025-10-05',1600,'Hazýrlanýyor',5,5),
(6,'2025-10-06',18500,'Tamamlandý',6,6),
(7,'2025-10-07',700,'Kargoya Verildi',7,7),
(8,'2025-10-08',2500,'Hazýrlanýyor',8,8),
(9,'2025-10-09',950,'Tamamlandý',9,9),
(10,'2025-10-10',3500,'Kargoya Verildi',10,10),
(11,'2025-10-11',500,'Hazýrlanýyor',11,11),
(12,'2025-10-12',750,'Tamamlandý',12,12),
(13,'2025-10-13',1200,'Kargoya Verildi',13,13),
(14,'2025-10-14',1800,'Hazýrlanýyor',14,14),
(15,'2025-10-15',600,'Tamamlandý',15,15),
(16,'2025-10-16',4000,'Kargoya Verildi',16,16),
(17,'2025-10-17',1300,'Hazýrlanýyor',17,17),
(18,'2025-10-18',2700,'Tamamlandý',18,18),
(19,'2025-10-19',220,'Kargoya Verildi',19,19),
(20,'2025-10-20',3000,'Hazýrlanýyor',20,20),
(21,'2025-10-21',1500,'Kargoya Verildi',21,21),
(22,'2025-10-22',800,'Tamamlandý',22,22),
(23,'2025-10-23',950,'Hazýrlanýyor',23,23),
(24,'2025-10-24',2700,'Tamamlandý',24,24),
(25,'2025-10-25',3300,'Kargoya Verildi',25,25);

INSERT INTO OrderDetails (OrderID, ProductID, Quantity, UnitPrice, LineTotal) VALUES
(1,1,1,12000,12000),
(1,4,1,500,500),
(2,2,1,18500,18500),
(3,3,1,22000,22000),
(4,5,1,350,350),
(5,6,2,600,1200),
(6,7,1,250,250),
(7,8,2,1200,2400),
(8,9,1,750,750),
(9,10,1,950,950),
(10,11,2,150,300),
(11,12,1,80,80),
(12,13,3,700,2100),
(13,14,1,150,150),
(14,15,1,450,450),
(15,16,2,950,1900),
(16,17,1,1200,1200),
(17,18,2,350,700),
(18,19,1,600,600),
(19,20,1,220,220),
(20,21,1,3000,3000),
(21,22,2,400,800),
(22,23,1,450,450),
(23,24,1,1200,1200),
(24,25,1,600,600),
(25,1,1,12000,12000);

INSERT INTO Payments (OrderID, PaymentDate, Amount, PaymentMethod, TransactionStatus, TransactionCode) VALUES
(1,'2025-10-01',12500,'Kredi Kartý','Baþarýlý','TRX0001'),
(2,'2025-10-02',800,'Kapýda Ödeme','Baþarýlý','TRX0002'),
(3,'2025-10-03',2200,'Kredi Kartý','Baþarýlý','TRX0003'),
(4,'2025-10-04',450,'Kredi Kartý','Baþarýlý','TRX0004'),
(5,'2025-10-05',1600,'Kapýda Ödeme','Baþarýlý','TRX0005'),
(6,'2025-10-06',18500,'Kredi Kartý','Baþarýlý','TRX0006'),
(7,'2025-10-07',700,'Kapýda Ödeme','Baþarýlý','TRX0007'),
(8,'2025-10-08',2500,'Kredi Kartý','Baþarýlý','TRX0008'),
(9,'2025-10-09',950,'Kredi Kartý','Baþarýlý','TRX0009'),
(10,'2025-10-10',3500,'Kredi Kartý','Baþarýlý','TRX0010'),
(11,'2025-10-11',500,'Kapýda Ödeme','Baþarýlý','TRX0011'),
(12,'2025-10-12',750,'Kredi Kartý','Baþarýlý','TRX0012'),
(13,'2025-10-13',1200,'Kredi Kartý','Baþarýlý','TRX0013'),
(14,'2025-10-14',1800,'Kapýda Ödeme','Baþarýlý','TRX0014'),
(15,'2025-10-15',600,'Kredi Kartý','Baþarýlý','TRX0015'),
(16,'2025-10-16',4000,'Kredi Kartý','Baþarýlý','TRX0016'),
(17,'2025-10-17',1300,'Kapýda Ödeme','Baþarýlý','TRX0017'),
(18,'2025-10-18',2700,'Kredi Kartý','Baþarýlý','TRX0018'),
(19,'2025-10-19',220,'Kredi Kartý','Baþarýlý','TRX0019'),
(20,'2025-10-20',3000,'Kredi Kartý','Baþarýlý','TRX0020'),
(21,'2025-10-21',1500,'Kapýda Ödeme','Baþarýlý','TRX0021'),
(22,'2025-10-22',800,'Kredi Kartý','Baþarýlý','TRX0022'),
(23,'2025-10-23',950,'Kapýda Ödeme','Baþarýlý','TRX0023'),
(24,'2025-10-24',2700,'Kredi Kartý','Baþarýlý','TRX0024'),
(25,'2025-10-25',3300,'Kapýda Ödeme','Baþarýlý','TRX0025');

INSERT INTO Shipments (OrderID, TrackingNumber, ShipperName, ShipmentStatus) VALUES
(1,'TRK0001','Yurtiçi Kargo','Hazýrlanýyor'),
(2,'TRK0002','Aras Kargo','Teslim Edildi'),
(3,'TRK0003','Yurtiçi Kargo','Hazýrlanýyor'),
(4,'TRK0004','MNG Kargo','Teslim Edildi'),
(5,'TRK0005','Yurtiçi Kargo','Hazýrlanýyor'),
(6,'TRK0006','Aras Kargo','Tamamlandý'),
(7,'TRK0007','MNG Kargo','Teslim Edildi'),
(8,'TRK0008','Yurtiçi Kargo','Hazýrlanýyor'),
(9,'TRK0009','Aras Kargo','Tamamlandý'),
(10,'TRK0010','MNG Kargo','Hazýrlanýyor'),
(11,'TRK0011','Yurtiçi Kargo','Teslim Edildi'),
(12,'TRK0012','Aras Kargo','Tamamlandý'),
(13,'TRK0013','MNG Kargo','Hazýrlanýyor'),
(14,'TRK0014','Yurtiçi Kargo','Hazýrlanýyor'),
(15,'TRK0015','Aras Kargo','Tamamlandý'),
(16,'TRK0016','MNG Kargo','Hazýrlanýyor'),
(17,'TRK0017','Yurtiçi Kargo','Teslim Edildi'),
(18,'TRK0018','Aras Kargo','Tamamlandý'),
(19,'TRK0019','MNG Kargo','Tamamlandý'),
(20,'TRK0020','Yurtiçi Kargo','Hazýrlanýyor'),
(21,'TRK0021','Aras Kargo','Hazýrlanýyor'),
(22,'TRK0022','MNG Kargo','Tamamlandý'),
(23,'TRK0023','Yurtiçi Kargo','Teslim Edildi'),
(24,'TRK0024','Aras Kargo','Tamamlandý'),
(25,'TRK0025','MNG Kargo','Hazýrlanýyor');

